{
  "name": "PORTFOLIO",
  "children": [
    {
      "name": "PROFILE",
      "children": [
        {
          "name": "SKILLS",
          "children": [
            { "name": "HTML" },
            { "name": "CSS" },
            { "name": "Angular" },
            { "name": "Web Development" }
          ]
        },
        {
          "name": "EDUCATION",
          "children": [
            { "name": "B.E. CSE – RVS College (2021–2024) – 81%" },
            { "name": "DECE – Govt Polytechnic (2019–2021) – 89%" },
            { "name": "HSC – Govt Boys Hr Sec School (2017–2019) – 75%" },
            { "name": "SSLC – Sir M.V.H.S (2016–2017) – 67%" }
          ]
        },
        {
          "name": "LANGUAGES KNOWN",
          "children": [
            { "name": "Tamil" },
            { "name": "English" },
            { "name": "Kannada" }
          ]
        }
      ]
    },
    {
      "name": "PROJECTS",
      "children": [
        { "name": "LMS Website for College" },
        { "name": "AI-based Missing Persons Tracking System" }
      ]
    },
    {
      "name": "INTERNSHIPS",
      "children": [
        { "name": "Web Development – Techvolt, Coimbatore" },
        { "name": "AI – Pantech Solutions, Chennai" },
        { "name": "Python – Emglitz Technologies, Coimbatore" }
      ]
    },
    {
      "name": "COURSES & ACTIVITIES",
      "children": [
        { "name": "MERN Fullstack – RVS Coimbatore (2023)" },
        { "name": "Angular Basics – UDEMY (2025)" },
        { "name": "Data Science Workshop – NIT Trichy (2023)" },
        { "name": "Department Association President" }
      ]
    },
    {
      "name": "EXPERIENCE",
      "children": [
        { "name": "Creosystems – Developer & Tester (6 months)" }
      ]
    }
  ]
}
